City_ID,City,Country,Lat,Lng,Max Temp,Humidity,Cloudiness,Wind Speed,Current Description
0,Butaritari,KI,3.0707,172.7902,82.06,71,88,13.49,overcast clouds
1,Hithadhoo,MV,-0.6,73.0833,83.48,73,100,13.73,overcast clouds
2,Cape Town,ZA,-33.9258,18.4232,58.1,92,75,5.75,broken clouds
3,Dikson,RU,73.5069,80.5464,31.28,96,100,14.09,overcast clouds
4,Tuktoyaktuk,CA,69.4541,-133.0374,32.22,92,100,10.98,overcast clouds
5,Port Alfred,ZA,-33.5906,26.891,68.18,61,19,1.01,few clouds
6,Salalah,OM,17.0151,54.0924,79.54,71,64,2.04,broken clouds
7,Iqaluit,CA,63.7506,-68.5145,27.7,79,100,11.99,overcast clouds
8,Chokurdakh,RU,70.6333,147.9167,30.16,89,100,6.11,overcast clouds
9,Hoa Binh,VN,20.8133,105.3383,73.56,92,100,1.05,overcast clouds
10,Cherskiy,RU,68.75,161.3,42.06,86,100,5.08,overcast clouds
11,Ushuaia,AR,-54.8,-68.3,42.46,75,20,0.0,few clouds
12,Albany,US,42.6001,-73.9662,62.78,38,100,6.6,overcast clouds
13,Puerto Ayora,EC,-0.7393,-90.3518,74.55,94,68,1.01,broken clouds
14,Bulolo,PG,-7.2,146.65,76.17,89,84,1.54,broken clouds
15,Flinders,AU,-34.5833,150.8552,57.06,75,0,4.0,clear sky
16,Yudong,CN,29.385,106.5194,65.5,99,100,2.15,overcast clouds
17,Tiksi,RU,71.6872,128.8694,24.66,92,98,6.2,overcast clouds
18,Avarua,CK,-21.2078,-159.775,77.7,79,34,15.21,scattered clouds
19,Praia Da Vitoria,PT,38.7333,-27.0667,61.75,98,89,11.9,overcast clouds
20,Victoria,HK,22.2855,114.1577,77.38,64,100,1.99,overcast clouds
21,Hasaki,JP,35.7333,140.8333,66.6,62,0,1.14,clear sky
22,Lahaina,US,20.8783,-156.6825,82.96,73,97,7.25,overcast clouds
23,Kaitangata,NZ,-46.2817,169.8464,51.19,79,81,5.35,broken clouds
24,Rikitea,PF,-23.1203,-134.9692,76.69,77,41,15.46,light rain
25,Hilo,US,19.7297,-155.09,95.29,72,0,18.41,clear sky
26,Mount Isa,AU,-20.7333,139.5,71.37,60,37,5.75,scattered clouds
27,Cabo San Lucas,MX,22.8909,-109.9124,87.62,53,40,17.27,scattered clouds
28,Bluff,NZ,-46.6,168.3333,50.67,83,79,17.09,broken clouds
29,Khatanga,RU,71.9667,102.5,32.7,98,100,7.07,light snow
30,Airai,TL,-8.9266,125.4092,62.71,86,56,3.42,broken clouds
31,Luderitz,NA,-26.6481,15.1594,62.29,75,80,6.91,broken clouds
32,Punta Arenas,CL,-53.15,-70.9167,44.11,81,58,1.92,broken clouds
33,Balaipungut,ID,1.05,101.2833,74.26,98,52,1.12,light rain
34,Parati,BR,-23.2178,-44.7131,57.04,67,5,8.46,clear sky
35,Buala,SB,-8.145,159.5921,84.65,67,0,1.88,clear sky
36,Marystown,CA,47.1666,-55.1483,45.7,92,18,7.52,few clouds
37,Vaini,TO,-21.2,-175.2,76.37,69,58,17.63,broken clouds
38,College,US,64.8569,-147.8028,61.09,36,100,4.0,overcast clouds
39,Kolo,PL,52.2002,18.6387,46.67,52,10,6.71,clear sky
40,Ojinaga,MX,29.5667,-104.4167,101.57,13,0,8.05,clear sky
41,Kuytun,RU,54.3419,101.5036,61.25,61,75,4.88,broken clouds
42,Mount Gambier,AU,-37.8333,140.7667,51.84,80,44,1.5,scattered clouds
43,Mar Del Plata,AR,-38.0023,-57.5575,49.95,74,12,4.0,few clouds
44,Nemuro,JP,43.3236,145.575,46.9,92,99,16.58,overcast clouds
45,Corinto,GR,37.9407,22.9573,65.89,84,100,17.07,overcast clouds
46,Balikpapan,ID,-1.2675,116.8289,77.99,89,40,2.3,scattered clouds
47,Oranjestad,AW,12.524,-70.027,80.67,82,100,23.67,overcast clouds
48,Talisay,PH,10.2447,123.8494,82.11,80,56,4.41,broken clouds
49,Qaanaaq,GL,77.484,-69.3632,29.88,79,98,2.66,overcast clouds
50,Constitucion,CL,-35.3333,-72.4167,51.93,86,95,4.68,overcast clouds
51,Busselton,AU,-33.65,115.3333,60.46,84,77,1.95,broken clouds
52,Huarmey,PE,-10.0681,-78.1522,67.44,82,75,7.96,broken clouds
53,Mahebourg,MU,-20.4081,57.7,75.49,69,40,6.91,scattered clouds
54,Bredasdorp,ZA,-34.5322,20.0403,58.66,79,100,18.14,light rain
55,Poum,NC,-20.2333,164.0167,77.65,70,2,8.39,clear sky
56,Vardo,NO,70.3705,31.1107,33.78,75,100,23.02,overcast clouds
57,Jamestown,US,42.097,-79.2353,55.02,84,100,4.61,light rain
58,Charlestown,AU,-32.95,151.6667,56.73,72,68,3.0,broken clouds
59,Esperance,AU,-33.8667,121.9,59.2,89,76,7.54,broken clouds
60,Wyndham,US,37.6985,-77.6125,77.11,58,63,1.99,broken clouds
61,Kavieng,PG,-2.5744,150.7967,83.5,74,6,8.66,light rain
62,Kapaa,US,22.0752,-159.319,78.78,90,100,7.0,overcast clouds
63,Ambanja,MG,-13.6833,48.45,69.06,89,41,4.68,scattered clouds
64,Praia,CV,14.9215,-23.5087,79.34,47,0,19.57,clear sky
65,Thompson,CA,55.7435,-97.8558,50.16,29,20,9.22,few clouds
66,Beringovskiy,RU,63.05,179.3167,39.97,79,100,7.78,overcast clouds
67,Sept-Iles,CA,50.2001,-66.3821,43.05,57,56,15.99,broken clouds
68,Mataura,NZ,-46.1927,168.8643,50.23,87,70,7.25,broken clouds
69,Nome,US,64.5011,-165.4064,38.16,81,33,10.18,scattered clouds
70,Ribeira Grande,PT,38.5167,-28.7,60.3,93,85,32.61,light rain
71,Saint-Philippe,RE,-21.3585,55.7679,67.59,73,66,9.8,broken clouds
72,Utica,US,43.1009,-75.2327,59.72,43,100,2.84,overcast clouds
73,Pangnirtung,CA,66.1451,-65.7125,29.34,87,70,3.22,broken clouds
74,Amalapuram,IN,16.5833,82.0167,82.08,86,99,4.7,overcast clouds
75,Manati,PR,18.4275,-66.4921,84.18,84,58,4.79,broken clouds
76,Faanui,PF,-16.4833,-151.75,79.27,76,97,7.43,light rain
77,Saint George,US,37.1041,-113.5841,99.63,10,10,7.0,clear sky
78,Adrar,MR,20.5022,-10.0711,83.95,12,5,9.06,clear sky
79,Jian,CN,27.1172,114.9793,69.12,82,92,2.08,overcast clouds
80,Zhangye,CN,38.9342,100.4517,60.75,26,17,4.09,few clouds
81,Borogontsy,RU,62.6683,131.1683,46.4,59,76,5.53,broken clouds
82,Saldanha,ZA,-33.0117,17.9442,60.53,74,99,12.64,overcast clouds
83,Upernavik,GL,72.7868,-56.1549,25.83,89,7,8.19,clear sky
84,Yate,GB,51.5407,-2.4184,55.44,94,100,0.4,overcast clouds
85,Griffith,US,41.5284,-87.4237,69.4,89,100,6.91,mist
86,Muli,MV,2.9167,73.5667,82.54,79,100,16.75,overcast clouds
87,Kahului,US,20.8947,-156.47,81.97,74,96,5.99,overcast clouds
88,Kodiak,US,57.79,-152.4072,53.82,49,1,9.26,clear sky
89,Chuy,UY,-33.6971,-53.4616,55.45,81,43,11.86,scattered clouds
90,Gandu,BR,-13.7439,-39.4867,72.45,99,58,2.91,broken clouds
91,Sorland,NO,67.667,12.6934,42.66,81,11,14.14,few clouds
92,Zhigansk,RU,66.7697,123.3711,33.94,93,97,12.77,overcast clouds
93,Itarema,BR,-2.9248,-39.9167,79.07,88,100,8.7,overcast clouds
94,Opuwo,NA,-18.0607,13.84,59.41,46,1,1.5,clear sky
95,Fortuna,US,40.5982,-124.1573,67.91,59,0,16.11,clear sky
96,New Norfolk,AU,-42.7826,147.0587,53.1,67,82,3.0,broken clouds
97,Castro,BR,-24.7911,-50.0119,43.05,92,100,12.37,overcast clouds
98,Edd,ER,13.9297,41.6925,83.98,70,95,4.72,overcast clouds
99,Hobart,AU,-42.8794,147.3294,53.46,69,75,17.27,broken clouds
100,Barrow,US,71.2906,-156.7887,17.62,86,100,18.41,overcast clouds
101,Hami,CN,42.8,93.45,71.55,22,5,6.13,clear sky
102,Valparaiso,CL,-33.0393,-71.6273,55.47,82,71,6.91,broken clouds
103,Tasiilaq,GL,65.6145,-37.6368,35.76,93,100,4.21,overcast clouds
104,Chhatarpur,IN,24.9,79.6,90.43,18,39,3.96,scattered clouds
105,Karratha,AU,-20.7377,116.8463,71.19,84,0,9.01,clear sky
106,Carauari,BR,-4.8828,-66.8958,70.63,82,100,3.94,overcast clouds
107,Verkhnevilyuysk,RU,63.4453,120.3167,45.9,58,98,10.11,overcast clouds
108,Chicama,PE,-7.8447,-79.1469,70.18,75,96,6.8,overcast clouds
109,Baruun-Urt,MN,46.6806,113.2792,60.55,32,3,4.18,clear sky
110,Hokitika,NZ,-42.7167,170.9667,58.77,84,100,16.87,overcast clouds
111,Arraial Do Cabo,BR,-22.9661,-42.0278,69.04,54,0,20.71,clear sky
112,Rundu,NA,-17.9333,19.7667,59.18,52,49,4.34,scattered clouds
113,Bethel,US,41.3712,-73.414,68.52,40,98,2.98,overcast clouds
114,Leh,IN,34.1667,77.5833,45.75,46,12,3.62,few clouds
115,Tokur,RU,53.1333,132.9,32.29,98,100,4.85,overcast clouds
116,Guerrero Negro,MX,27.9769,-114.0611,67.41,58,0,16.75,clear sky
117,Los Llanos De Aridane,ES,28.6585,-17.9182,65.95,90,0,10.36,clear sky
118,Bonavista,CA,48.6499,-53.1147,42.75,99,86,13.69,overcast clouds
119,Kruisfontein,ZA,-34.0033,24.7314,62.89,71,62,4.59,broken clouds
120,Atuona,PF,-9.8,-139.0333,78.78,66,26,15.19,scattered clouds
121,Aripuana,BR,-9.1667,-60.6333,66.0,66,86,2.59,overcast clouds
122,Daru,PG,-9.0763,143.2092,82.18,75,39,9.46,scattered clouds
123,Kangaatsiaq,GL,68.3065,-53.4641,27.72,91,7,8.9,clear sky
124,Pemangkat,ID,1.1667,108.9667,78.17,87,65,4.16,broken clouds
125,Koping,SE,59.514,15.9926,58.93,76,96,6.51,overcast clouds
126,Pula,HR,44.8683,13.8481,64.96,42,0,11.5,clear sky
127,Longyearbyen,SJ,78.2186,15.6401,26.44,80,75,5.75,light snow
128,Alto Parana,BR,-23.1289,-52.3189,50.92,72,93,8.52,overcast clouds
129,Pacific Grove,US,36.6177,-121.9166,81.55,56,8,8.01,clear sky
130,Usak,TR,38.5,29.4167,54.28,81,37,9.69,scattered clouds
131,Waipawa,NZ,-41.4122,175.5153,62.2,68,57,19.06,broken clouds
132,Caibarien,CU,22.5206,-79.4669,75.87,94,60,4.7,broken clouds
133,Hyeres,FR,43.1167,6.1167,67.66,94,99,3.44,overcast clouds
134,Visby,SE,57.6409,18.296,50.22,66,75,12.66,broken clouds
135,Benghazi,LY,32.1167,20.0667,67.57,76,13,10.71,few clouds
136,Saskylakh,RU,71.9167,114.0833,20.73,93,67,10.38,broken clouds
137,Tarnowskie Gory,PL,50.4455,18.8615,52.99,70,0,3.44,clear sky
138,Ostrovnoy,RU,68.0531,39.5131,32.04,90,100,8.9,light snow
139,Natitingou,BJ,10.3042,1.3796,81.05,48,91,1.21,overcast clouds
140,Carlsbad,US,33.1581,-117.3506,82.09,72,75,9.22,broken clouds
141,Dingle,PH,10.9995,122.6711,80.44,84,93,4.43,moderate rain
142,Jasper,US,37.2001,-94.3502,87.67,63,40,8.05,scattered clouds
143,Torbay,CA,47.6666,-52.7314,46.38,91,49,1.01,scattered clouds
144,Keuruu,FI,62.2667,24.7,44.78,71,100,8.81,overcast clouds
145,Sturgeon Falls,CA,46.3646,-79.9326,58.12,48,9,10.51,clear sky
146,Kokkarion,GR,37.7764,26.8939,62.46,86,13,12.88,few clouds
147,Hermanus,ZA,-34.4187,19.2345,59.81,76,97,17.67,light rain
148,Vila,PT,42.0304,-8.1588,49.69,81,52,0.81,broken clouds
149,Santa Isabel Do Rio Negro,BR,-0.4139,-65.0192,71.73,100,100,1.83,light rain
150,Petropavlovsk-Kamchatskiy,RU,53.0452,158.6483,55.99,51,20,6.71,few clouds
151,Scottsbluff,US,41.8666,-103.6672,82.78,22,9,3.0,clear sky
152,Mangrol,IN,21.1167,70.1167,81.28,76,0,10.58,clear sky
153,Lata,PT,40.1629,-8.3327,52.05,89,8,2.59,clear sky
154,Iralaya,HN,15.0,-83.2333,79.86,84,97,9.17,overcast clouds
155,Tiarei,PF,-17.5333,-149.3333,86.02,74,99,11.27,light rain
156,Pudozh,RU,61.8099,36.5345,36.54,93,97,7.0,overcast clouds
157,Ilulissat,GL,69.2167,-51.1,32.02,86,3,0.0,clear sky
158,Lorengau,PG,-2.0226,147.2712,85.21,69,11,5.53,few clouds
159,Avera,US,33.194,-82.5271,90.37,35,1,6.89,clear sky
160,Katherine,AU,-14.4667,132.2667,68.32,45,0,5.75,clear sky
161,Vila Velha,BR,-20.3297,-40.2925,69.89,35,37,9.44,scattered clouds
162,Bambous Virieux,MU,-20.3428,57.7575,75.45,69,40,6.91,scattered clouds
163,Lumberton,US,34.6182,-79.0086,86.36,44,35,7.54,scattered clouds
164,Dhali,IN,10.5,77.1667,74.66,77,100,7.52,overcast clouds
165,Pahrump,US,36.2083,-115.9839,97.52,8,0,4.0,clear sky
166,Zapolyarnyy,RU,69.4154,30.8136,33.08,85,100,15.84,overcast clouds
167,Gat,IL,31.61,34.7642,71.4,77,2,1.36,clear sky
168,Lircay,PE,-12.9896,-74.7205,51.42,80,96,1.61,overcast clouds
169,Jimeta,NG,9.2833,12.4667,80.08,69,64,4.05,broken clouds
170,Kailua,US,21.4022,-157.7394,80.49,76,100,7.0,overcast clouds
171,Ponta Do Sol,PT,32.6667,-17.1,68.72,80,43,4.81,scattered clouds
172,Kenai,US,60.5544,-151.2583,63.03,51,8,7.25,clear sky
173,Walvis Bay,NA,-22.9575,14.5053,60.1,85,29,3.18,scattered clouds
174,Aquiraz,BR,-3.9014,-38.3911,80.69,85,74,6.4,broken clouds
175,Yangcun,CN,39.3639,117.0603,67.98,34,100,3.11,overcast clouds
176,Gamba,GA,-2.65,10.0,77.88,83,98,8.12,overcast clouds
177,Garowe,SO,8.4054,48.4845,78.49,65,61,21.74,broken clouds
178,Omboue,GA,-1.5746,9.2618,77.61,87,85,8.9,overcast clouds
179,Muros,ES,42.7762,-9.0603,58.15,92,65,2.82,broken clouds
180,Codrington,AU,-38.2667,141.9667,55.24,66,52,10.2,broken clouds
181,Tuatapere,NZ,-46.1333,167.6833,51.84,76,53,9.48,broken clouds
182,Plessisville,CA,46.2186,-71.762,58.08,65,41,4.56,scattered clouds
183,Kieta,PG,-6.2167,155.6333,84.58,67,10,3.09,clear sky
184,La Rioja,ES,42.25,-2.5,64.18,60,100,1.74,overcast clouds
185,Dongsheng,CN,39.8161,109.9776,60.94,30,97,10.2,overcast clouds
186,Aklavik,CA,68.2191,-135.0107,33.69,89,99,12.46,overcast clouds
187,Iringa,TZ,-7.7667,35.7,50.99,93,81,6.44,broken clouds
188,Olafsvik,IS,64.8945,-23.7142,44.78,92,100,14.58,overcast clouds
189,Storm Lake,US,42.6411,-95.2097,83.16,24,0,10.36,clear sky
190,Rossosh,RU,51.1209,38.5116,44.15,93,7,7.83,clear sky
191,Yellowknife,CA,62.456,-114.3525,51.57,20,4,18.99,clear sky
192,Erenhot,CN,43.6475,111.9767,63.45,28,75,11.79,broken clouds
193,Dodge City,US,37.7528,-100.0171,89.22,42,48,8.01,scattered clouds
194,Miyako,JP,39.6367,141.9525,66.06,42,0,5.44,clear sky
195,Belawan,ID,3.7755,98.6832,77.29,88,100,3.6,overcast clouds
196,Atbasar,KZ,51.8,68.3333,50.67,71,51,10.67,broken clouds
197,Jining,CN,35.405,116.5814,73.99,1,88,9.66,overcast clouds
198,Balkanabat,TM,39.5108,54.3671,73.92,47,8,3.83,clear sky
199,Nador,MA,35.174,-2.9287,68.25,88,0,3.44,clear sky
200,Gornorechenskiy,RU,44.2624,135.1133,61.36,43,25,1.01,scattered clouds
201,Cairns,AU,-16.9167,145.7667,78.06,85,75,8.05,broken clouds
202,Brits,ZA,-25.6347,27.7802,56.28,61,24,2.8,few clouds
203,Vidim,RU,56.4088,103.1106,57.47,78,99,4.76,overcast clouds
204,Puerto Maldonado,PE,-12.6,-69.1833,67.12,53,100,3.09,overcast clouds
205,Lakhdenpokhya,RU,61.5198,30.1992,42.15,68,97,4.74,overcast clouds
206,Provideniya,RU,64.3833,-173.3,35.71,87,100,4.47,fog
207,East London,ZA,-33.0153,27.9116,75.9,37,3,11.43,clear sky
208,Sibolga,ID,1.7427,98.7792,75.79,83,83,3.83,broken clouds
209,Bunol,ES,39.4167,-0.7833,65.89,70,68,0.72,broken clouds
210,Norman Wells,CA,65.282,-126.8329,39.24,93,100,11.5,light rain
211,Berlevag,NO,70.8578,29.0864,33.75,80,100,21.85,overcast clouds
212,Grindavik,IS,63.8424,-22.4338,48.15,93,75,5.75,broken clouds
213,Solwezi,ZM,-12.1688,26.3894,57.7,81,27,2.62,scattered clouds
214,Asau,RO,46.4333,26.4,47.32,85,63,5.7,broken clouds
215,Bubaque,GW,11.2833,-15.8333,78.94,86,8,18.54,clear sky
216,San Patricio,US,28.017,-97.5169,91.18,42,46,20.18,scattered clouds
217,Grand-Lahou,CI,5.1367,-5.0242,80.15,85,85,10.22,overcast clouds
218,Piacabucu,BR,-10.4056,-36.4344,78.98,84,66,12.62,broken clouds
219,Naze,JP,28.3667,129.4833,68.68,79,99,14.03,overcast clouds
220,Najran,SA,17.4924,44.1277,72.81,19,1,3.47,clear sky
221,Erkner,DE,52.4167,13.75,66.07,57,0,8.05,clear sky
222,Georgetown,MY,5.4112,100.3354,80.53,89,20,0.0,few clouds
223,Kathu,TH,7.9178,98.3332,86.76,86,100,7.23,overcast clouds
224,Namatanai,PG,-3.6667,152.4333,82.54,76,7,4.0,light rain
225,Shimoda,JP,34.6667,138.95,73.11,68,2,0.49,clear sky
226,Macklin,CA,52.3334,-109.9348,56.19,43,100,13.02,overcast clouds
227,Merauke,ID,-8.4667,140.3333,79.7,81,70,10.16,broken clouds
228,Langsa,ID,4.4683,97.9683,74.5,96,100,2.21,overcast clouds
229,Kholtoson,RU,50.2981,103.3097,56.5,47,9,1.57,clear sky
230,Nikolskoye,RU,59.7035,30.7861,46.29,85,92,6.15,overcast clouds
231,Corn Island,NI,12.1694,-83.0418,80.83,76,100,11.34,overcast clouds
232,Matara,LK,5.9485,80.5353,78.69,89,33,13.71,scattered clouds
233,Egvekinot,RU,66.3167,-179.1667,30.2,99,100,4.43,overcast clouds
234,Hofn,IS,64.2539,-15.2082,44.89,95,100,7.05,light rain
235,Chake Chake,TZ,-5.2459,39.7666,76.64,79,30,9.19,light rain
236,Grimshaw,CA,56.1834,-117.6027,53.01,40,100,6.85,overcast clouds
237,Slobidka,UA,47.8869,29.3461,43.68,75,10,14.03,clear sky
238,Yelizovo,RU,53.1873,158.3805,57.34,51,20,6.71,few clouds
239,Hit,IQ,33.6416,42.8251,81.97,21,0,9.13,clear sky
240,Necochea,AR,-38.5473,-58.7368,46.45,80,26,4.94,scattered clouds
241,Aksarka,RU,66.5606,67.7975,32.65,84,62,11.97,broken clouds
242,Sharan,RU,54.8167,54.0,40.75,96,99,13.11,overcast clouds
243,Kanniyakumari,IN,8.0833,77.5667,80.38,86,100,19.28,overcast clouds
244,Monroe,US,43.1501,-77.6831,57.49,51,100,4.61,overcast clouds
245,Narsaq,GL,60.9167,-46.05,46.62,81,37,3.24,scattered clouds
246,Diu,IN,20.7141,70.9822,80.58,77,0,10.67,clear sky
247,Dubbo,AU,-32.25,148.6167,42.93,93,84,6.91,broken clouds
248,Lakheri,IN,25.6667,76.1667,88.11,21,0,0.04,clear sky
249,Lavrentiya,RU,65.5833,-171.0,34.39,99,71,6.44,broken clouds
250,Pisco,PE,-13.7,-76.2167,63.01,91,46,4.54,scattered clouds
251,Haines Junction,CA,60.7522,-137.5108,50.4,44,83,6.22,light rain
252,Chapais,CA,49.7834,-74.8492,50.88,58,91,4.59,overcast clouds
253,Alice Springs,AU,-23.7,133.8833,62.15,48,100,10.36,overcast clouds
254,Kimbe,PG,-5.5502,150.1429,84.25,70,14,2.71,light rain
255,Coos Bay,US,43.3665,-124.2179,59.99,95,100,14.97,mist
256,Chubbuck,US,42.9208,-112.4661,73.45,22,89,18.01,overcast clouds
257,Tual,ID,-5.6667,132.75,82.38,77,78,11.21,broken clouds
258,Taoudenni,ML,22.6783,-3.9836,94.66,7,75,4.81,broken clouds
259,Dorchester,US,33.1002,-80.3831,84.22,54,0,8.05,clear sky
260,Alghero,IT,40.5589,8.3181,62.69,94,0,1.14,clear sky
261,Ust-Koksa,RU,50.2696,85.6108,53.35,59,4,1.54,clear sky
262,Bodden Town,KY,19.2833,-81.25,84.0,72,58,1.99,broken clouds
263,Porto Novo,BJ,6.4965,2.6036,84.02,82,96,11.3,overcast clouds
264,Tura,IN,25.5198,90.2201,67.06,94,40,5.39,scattered clouds
265,Epe,NG,6.5841,3.9834,79.18,86,99,7.0,overcast clouds
266,San Cristobal,VE,7.7669,-72.225,69.62,89,100,3.91,overcast clouds
267,Quelimane,MZ,-17.8786,36.8883,65.77,91,1,1.86,clear sky
268,Natal,BR,-5.795,-35.2094,77.65,100,20,3.44,few clouds
269,Rudnogorsk,RU,57.2639,103.7519,56.98,80,62,6.44,broken clouds
270,Maldonado,UY,-34.6667,-54.9167,55.22,72,83,10.83,broken clouds
271,Rantepao,ID,-2.9701,119.8978,68.43,95,98,1.99,overcast clouds
272,Marzuq,YE,14.4,46.4667,72.03,27,63,2.84,broken clouds
273,Caranavi,BO,-15.8167,-67.55,57.47,82,97,0.13,overcast clouds
274,Katsina,NG,12.9894,7.6006,85.08,11,2,7.78,clear sky
275,Sampit,ID,-2.5333,112.95,74.89,96,53,2.21,moderate rain
276,Luangwa,ZM,-15.6167,30.4167,61.07,85,0,2.91,clear sky
277,Touzim,CZ,50.0605,12.9851,54.63,77,11,2.26,few clouds
278,Yankton,US,42.8711,-97.3973,80.85,34,0,10.36,clear sky
279,Esso,RU,55.9333,158.7,38.66,100,88,2.73,overcast clouds
280,La Ronge,CA,55.1001,-105.2842,49.77,51,98,6.67,overcast clouds
281,Lagoa,PT,39.05,-27.9833,60.15,94,70,19.44,light rain
282,Pochutla,MX,15.7432,-96.4661,87.82,46,71,8.66,broken clouds
283,Port Hardy,CA,50.6996,-127.4199,45.9,91,100,13.76,moderate rain
284,Lamu,KE,-2.2717,40.902,77.22,81,58,12.19,broken clouds
285,Qinzhou,CN,21.95,108.6167,71.55,90,94,4.59,overcast clouds
286,Rio Grande,BR,-32.035,-52.0986,54.95,67,55,19.73,broken clouds
287,Faya,SA,18.3851,42.4509,66.51,21,6,7.27,clear sky
288,Bathsheba,BB,13.2167,-59.5167,79.97,74,92,12.77,overcast clouds
289,Padang,ID,-0.9492,100.3543,69.85,73,66,4.56,broken clouds
290,Sangueya,GN,10.7,-14.3667,78.94,88,15,3.96,few clouds
291,Broome,US,42.2506,-75.833,62.71,50,100,3.44,overcast clouds
292,El Copey,CO,10.1503,-73.9614,78.26,90,97,5.32,overcast clouds
293,Cukai,MY,4.25,103.4167,76.89,90,96,3.31,overcast clouds
294,Erzin,TR,36.9559,36.2,63.12,82,0,1.12,clear sky
295,Pevek,RU,69.7008,170.3133,32.38,99,100,3.06,light snow
296,Kysyl-Syr,RU,63.8986,122.7617,45.09,62,15,10.0,few clouds
297,Prabumulih,ID,-3.45,104.25,73.29,99,45,2.53,scattered clouds
298,Chara,RU,56.9064,118.2631,44.24,90,100,2.91,light rain
299,Inhambane,MZ,-23.865,35.3833,69.71,82,10,3.94,clear sky
300,Aksha,RU,50.2814,113.2867,57.36,40,51,3.85,broken clouds
301,Quatre Cocos,MU,-20.2078,57.7625,75.31,68,38,14.7,scattered clouds
302,Nguruka,TZ,-5.1092,31.0419,64.36,79,97,2.89,overcast clouds
303,Biak,ID,-0.9131,122.8766,77.54,86,98,3.94,overcast clouds
304,Plainview,US,40.7765,-73.4673,70.47,55,0,12.66,clear sky
305,Ahipara,NZ,-35.1667,173.1667,65.91,92,100,15.28,light rain
306,Tautira,PF,-17.7333,-149.15,80.28,73,100,11.79,overcast clouds
307,Aykhal,RU,66.0,111.5,39.34,99,100,0.51,moderate rain
308,Senanga,ZM,-16.1167,23.2667,62.96,59,69,4.85,broken clouds
309,Klaksvik,FO,62.2266,-6.589,47.32,94,65,15.26,broken clouds
310,Vicuna,CL,-30.0319,-70.7081,70.77,48,61,3.65,broken clouds
311,San Jose,US,37.3394,-121.895,94.69,24,40,14.97,scattered clouds
312,Bengkulu,ID,-3.8004,102.2655,75.24,88,15,4.59,few clouds
313,Viedma,AR,-40.8135,-62.9967,46.27,55,95,11.5,overcast clouds
314,Ukiah,US,39.1502,-123.2078,90.45,47,70,7.0,broken clouds
315,San Carlos De Bariloche,AR,-41.1456,-71.3082,40.24,65,0,3.44,clear sky
316,Key West,US,24.5557,-81.7826,84.99,66,58,4.7,broken clouds
317,Ketchikan,US,55.3422,-131.6461,49.59,81,100,3.24,light rain
318,Bad Hall,AT,48.0383,14.2077,54.66,49,9,3.91,clear sky
319,Sao Joao Da Barra,BR,-21.6403,-41.0511,65.84,41,0,16.28,clear sky
320,Cayenne,GF,4.9333,-52.3333,82.09,1,75,3.44,broken clouds
321,Priyutnoye,RU,46.1011,43.5072,56.61,77,89,9.86,overcast clouds
322,Nanzhang,CN,31.7765,111.8386,62.22,89,99,0.81,overcast clouds
323,Anqiu,CN,36.4342,119.1925,73.89,32,100,7.58,overcast clouds
324,Derzhavinsk,KZ,51.1,66.3167,50.43,73,53,9.98,broken clouds
325,Zaraza,VE,9.3503,-65.3245,85.14,50,97,4.43,overcast clouds
326,Mauraro,PH,13.1494,123.5953,78.24,89,100,4.32,overcast clouds
327,Saint-Francois,FR,46.4154,3.9054,67.44,73,0,2.3,clear sky
328,Sisimiut,GL,66.9395,-53.6735,40.53,54,0,8.63,clear sky
329,Severo-Kurilsk,RU,50.6789,156.125,46.17,84,84,4.09,broken clouds
330,Yumen,CN,40.2833,97.2,62.26,36,76,7.25,broken clouds
331,Conceicao Do Araguaia,BR,-8.2578,-49.2647,72.25,65,79,4.81,broken clouds
332,Hailar,CN,49.2,119.7,56.75,59,9,6.46,clear sky
333,Rorvik,NO,64.8621,11.2373,45.88,83,98,4.18,overcast clouds
334,Peringat,MY,6.0333,102.2833,75.07,95,82,3.09,light rain
335,Seymchan,RU,62.8833,152.4333,43.56,58,34,6.15,scattered clouds
336,Dutlwe,BW,-23.9833,23.9,57.58,54,1,8.99,clear sky
337,Oussouye,SN,12.485,-16.5469,76.32,84,6,10.87,clear sky
338,Novoselitskoye,RU,44.7508,43.4369,52.97,88,25,5.21,scattered clouds
339,Kirakira,SB,-10.4544,161.9205,85.1,68,1,3.4,clear sky
340,Lufilufi,WS,-13.8745,-171.5986,81.57,79,67,17.65,light rain
341,La Asuncion,VE,11.0333,-63.8628,79.47,78,100,18.5,overcast clouds
342,Rosario Do Sul,BR,-30.2583,-54.9142,51.71,80,54,11.32,broken clouds
343,Sao Filipe,CV,14.8961,-24.4956,76.23,68,98,5.41,overcast clouds
344,Lima,PE,-12.0432,-77.0282,66.54,75,67,6.44,broken clouds
345,Matadi,CD,-5.8167,13.45,73.94,91,1,3.13,clear sky
346,Leningradskiy,RU,69.3833,178.4167,34.77,99,100,2.3,overcast clouds
347,Noyabrsk,RU,63.1994,75.4507,51.13,90,100,11.07,overcast clouds
348,Sitka,US,57.0531,-135.33,54.37,59,100,2.77,overcast clouds
349,Port Lincoln,AU,-34.7333,135.8667,57.87,65,4,11.43,clear sky
350,Bougouni,ML,11.417,-7.479,90.95,34,75,4.81,broken clouds
351,Carnarvon,AU,-24.8667,113.6333,67.93,69,34,7.76,scattered clouds
352,Sur,OM,22.5667,59.5289,86.72,40,0,12.06,clear sky
353,Myitkyina,MM,25.3833,97.4,69.03,99,37,3.15,scattered clouds
354,Matamoros,MX,25.5333,-103.25,98.92,11,2,11.83,clear sky
355,Ancud,CL,-41.8697,-73.8203,50.09,75,100,2.51,overcast clouds
356,Kloulklubed,PW,7.0419,134.2556,81.19,79,100,19.1,overcast clouds
357,Katangli,RU,51.7102,143.2326,39.07,97,73,8.75,broken clouds
358,Kununurra,AU,-15.7667,128.7333,73.38,88,0,1.14,clear sky
359,Campoverde,PE,-8.4753,-74.8058,69.37,75,99,2.48,overcast clouds
360,Namibe,AO,-15.1961,12.1522,69.39,74,0,9.33,clear sky
361,Southbridge,US,42.0751,-72.0334,68.31,37,94,3.78,overcast clouds
362,Puga,MX,21.5833,-104.8167,89.67,40,40,6.91,scattered clouds
363,Marfino,RU,55.7028,37.3822,46.65,57,0,8.95,clear sky
364,Siguiri,GN,11.6667,-9.5,89.92,30,41,6.76,scattered clouds
365,Laguna,US,38.421,-121.4238,99.1,20,0,12.66,clear sky
366,Metro,ID,-5.1131,105.3067,74.66,93,43,4.85,scattered clouds
367,Akdepe,TM,42.0551,59.3788,67.95,32,59,10.76,broken clouds
368,Vallenar,CL,-28.5708,-70.7581,58.77,61,59,6.06,broken clouds
369,Te Anau,NZ,-45.4167,167.7167,50.16,75,72,10.22,light rain
370,Piskivka,UA,50.6938,29.6193,40.89,90,8,6.76,clear sky
371,Maraba,BR,-5.3686,-49.1178,73.51,97,72,2.48,broken clouds
372,Baixa Grande,BR,-11.9597,-40.1681,72.46,89,85,2.57,overcast clouds
373,Souillac,MU,-20.5167,57.5167,75.58,69,40,6.91,scattered clouds
374,Valdivia,CL,-39.8142,-73.2459,47.71,81,100,2.98,overcast clouds
375,Pinega,RU,64.7001,43.3936,32.52,95,97,4.05,overcast clouds
376,Linxia,CN,35.6003,103.2064,52.68,63,93,3.44,overcast clouds
377,Rawson,AR,-43.3002,-65.1023,55.83,28,63,22.5,broken clouds
378,Lebu,CL,-37.6167,-73.65,52.39,87,100,8.39,overcast clouds
379,Derveni,GR,38.1333,22.4167,66.99,81,98,12.5,overcast clouds
380,Muroto,JP,33.2833,134.15,67.03,56,52,3.38,broken clouds
381,Chumikan,RU,54.7183,135.315,33.96,93,100,6.76,overcast clouds
382,Port Macquarie,AU,-31.4333,152.9167,58.89,61,16,9.08,few clouds
383,Mwense,ZM,-10.3845,28.698,64.83,63,49,7.81,scattered clouds
384,Reims,FR,49.1667,4.0833,66.94,88,0,6.91,clear sky
385,Cap Malheureux,MU,-19.9842,57.6142,72.46,75,44,1.99,scattered clouds
386,Bennettsville,US,34.6174,-79.6848,87.98,38,0,5.75,clear sky
387,Dukat,RU,62.55,155.55,31.82,86,92,5.64,overcast clouds
388,Nouadhibou,MR,20.931,-17.0347,66.9,80,98,23.02,overcast clouds
389,Port Elizabeth,ZA,-33.918,25.5701,68.31,65,0,14.97,clear sky
390,Jandiala,IN,31.1667,75.6167,84.9,23,0,5.41,clear sky
391,Port Blair,IN,11.6667,92.75,80.42,85,100,19.62,light rain
392,Mahon,ES,39.8885,4.2658,64.96,100,0,4.61,clear sky
393,Marana,US,32.4367,-111.2254,101.34,6,0,8.05,clear sky
394,Farkhor,TJ,37.4922,69.4036,72.59,42,75,4.92,broken clouds
395,Russkaya Polyana,UA,49.417,31.9201,45.45,83,33,13.49,scattered clouds
396,Isangel,VU,-19.55,169.2667,78.19,84,99,17.87,light rain
397,Charters Towers,AU,-20.1,146.2667,68.79,67,100,11.41,overcast clouds
398,Sao Felix Do Xingu,BR,-6.6447,-51.995,74.3,88,100,1.48,overcast clouds
399,Arona,ES,28.0996,-16.681,64.13,76,75,9.22,broken clouds
400,Isiolo,KE,0.3546,37.5822,67.24,75,97,9.71,overcast clouds
401,Nsunga,TZ,-1.1439,31.3947,63.34,89,100,3.15,overcast clouds
402,Eirunepe,BR,-6.6603,-69.8736,70.52,78,94,2.48,overcast clouds
403,Lucapa,AO,-8.4192,20.7447,70.16,60,78,2.13,broken clouds
404,Takoradi,GH,4.8845,-1.7554,79.9,86,54,8.97,broken clouds
405,Kongoussi,BF,13.3258,-1.5347,88.95,35,12,9.84,few clouds
406,Binga,ZW,-17.6203,27.3414,66.61,65,75,2.39,broken clouds
407,Bara,NG,10.3744,10.7288,84.29,57,68,6.8,broken clouds
408,Acapulco,MX,16.8634,-99.8901,85.82,62,0,8.05,clear sky
409,Burns Lake,CA,54.2331,-125.7533,44.71,78,100,3.78,overcast clouds
410,Piney Green,US,34.716,-77.3202,78.03,64,0,8.05,clear sky
411,Prince Rupert,CA,54.3161,-130.3201,45.28,94,100,7.87,light rain
412,Bozeman,US,45.6796,-111.0386,64.18,45,100,20.71,overcast clouds
413,Canutama,BR,-6.5339,-64.3831,70.75,73,100,3.33,overcast clouds
414,Arkansas City,US,37.062,-97.0384,91.08,42,52,8.21,broken clouds
415,Kormilovka,RU,55.0026,74.1028,52.99,98,71,6.38,light rain
416,Hamilton,US,39.1834,-84.5333,66.6,92,100,0.0,moderate rain
417,Komsomolskiy,UZ,40.4272,71.7189,69.08,50,98,3.42,overcast clouds
418,Naron,ES,43.5167,-8.1528,60.6,92,98,3.2,overcast clouds
419,Rondonopolis,BR,-16.4708,-54.6356,54.66,45,39,4.74,scattered clouds
420,Hobyo,SO,5.3505,48.5268,79.79,79,84,21.5,broken clouds
421,Sao Paulo De Olivenca,BR,-3.3783,-68.8725,70.38,95,100,2.01,overcast clouds
422,Tecoanapa,MX,16.5167,-98.75,86.59,56,9,11.72,clear sky
423,Sainte-Maxime,FR,43.3,6.6333,69.19,68,94,4.43,overcast clouds
424,Loreto,MX,22.2667,-101.9667,84.7,16,100,1.21,overcast clouds
425,Liepaja,LV,56.5419,21.0367,44.58,87,0,8.05,clear sky
426,Ternate,ID,0.8,127.4,81.73,79,93,2.3,overcast clouds
427,Kontagora,NG,10.3999,5.4695,84.18,42,100,4.74,overcast clouds
428,Valle Hermoso,MX,25.6667,-97.8333,85.93,60,99,20.24,overcast clouds
429,Boa Vista,BR,2.8197,-60.6733,75.18,88,40,3.44,light rain
430,Westport,US,41.1415,-73.3579,70.32,42,94,1.99,overcast clouds
431,Camacha,PT,33.0833,-16.3333,63.82,82,40,10.36,scattered clouds
432,Bodaybo,RU,57.8506,114.1933,52.68,90,100,4.03,overcast clouds
433,Chimbote,PE,-9.0853,-78.5783,65.23,87,94,7.92,overcast clouds
434,Vestmannaeyjar,IS,63.4427,-20.2734,46.72,85,100,16.42,overcast clouds
435,Itoman,JP,26.1247,127.6694,75.4,78,75,9.22,broken clouds
436,Hukuntsi,BW,-24.0,21.75,60.04,45,43,11.59,scattered clouds
437,Novochernorechenskiy,RU,56.2669,91.0828,56.88,59,99,2.66,overcast clouds
438,Nidadavole,IN,16.9167,81.6667,82.47,82,100,3.04,overcast clouds
439,Yilan,TW,24.757,121.753,77.02,99,100,7.09,overcast clouds
440,Tucumcari,US,35.1717,-103.725,91.24,18,0,3.44,clear sky
441,Beloha,MG,-25.1667,45.05,64.45,78,0,8.88,clear sky
442,Kalabagh,PK,32.965,71.557,91.4,17,15,7.49,few clouds
443,Roma,US,43.2128,-75.4557,59.72,41,0,5.75,clear sky
444,Curup,ID,-3.4667,102.5333,66.54,98,24,1.3,few clouds
445,Khandyga,RU,62.6667,135.6,37.08,98,100,3.51,overcast clouds
446,Kushmurun,KZ,52.4503,64.6311,48.63,78,14,13.62,few clouds
447,Mbuji-Mayi,CD,-6.15,23.6,73.24,68,64,1.59,broken clouds
448,Oktyabrskoye,RU,43.0645,44.7417,42.94,93,6,2.24,clear sky
449,Mackay,AU,-21.15,149.2,73.69,73,26,14.09,scattered clouds
450,Terrasini,IT,38.146,13.0844,69.46,81,0,9.22,clear sky
451,Seminole,US,28.7086,-81.2081,88.18,72,0,10.36,clear sky
452,Morgan City,US,29.6994,-91.2068,89.02,74,0,8.05,clear sky
453,Half Moon Bay,US,37.4636,-122.4286,90.03,58,0,27.63,haze
454,Houma,US,29.5958,-90.7195,89.02,61,0,6.91,clear sky
455,Ouahigouya,BF,13.5828,-2.4216,89.08,34,66,11.07,broken clouds
456,Tifton,US,31.4505,-83.5085,93.16,37,0,5.75,clear sky
457,Caldwell,US,43.6629,-116.6874,78.78,27,100,6.91,overcast clouds
458,Manga,BF,11.6636,-1.0731,87.96,42,66,7.76,broken clouds
459,Moussoro,TD,13.6408,16.4901,86.81,44,98,6.71,overcast clouds
460,Ucluelet,CA,48.9329,-125.5528,50.09,86,94,4.0,overcast clouds
461,Geraldton,AU,-28.7667,114.6,59.41,94,100,8.05,overcast clouds
462,Andapa,MG,-14.65,49.65,62.82,97,54,3.24,broken clouds
463,Halifax,CA,44.6453,-63.5724,55.69,58,69,11.16,broken clouds
464,Sotouboua,TG,8.5667,0.9833,79.16,69,100,5.53,overcast clouds
465,Brokopondo,SR,4.75,-55.1667,77.85,84,100,6.29,overcast clouds
466,Shache,CN,38.4167,77.2406,68.72,19,62,6.49,broken clouds
467,Passos,BR,-20.7189,-46.6097,49.28,69,4,10.94,clear sky
468,Bitung,ID,1.4451,125.1824,74.25,79,97,1.66,light rain
469,Tigil,RU,57.8,158.6667,47.41,78,100,5.99,overcast clouds
470,Shubarkuduk,KZ,49.1447,56.4872,50.31,68,76,9.89,broken clouds
471,Ulaangom,MN,49.9811,92.0667,60.67,36,1,1.34,clear sky
472,Linjiang,CN,41.8069,126.9078,56.82,72,2,2.48,clear sky
473,Bosaso,SO,11.2842,49.1816,87.15,37,16,5.73,few clouds
474,Portland,US,45.5234,-122.6762,63.14,58,100,8.01,overcast clouds
475,Yuzhou,CN,34.1628,113.4639,64.8,68,86,11.97,overcast clouds
476,Komsomolets,KZ,53.7453,62.0708,47.23,84,39,14.14,scattered clouds
477,Lompoc,US,34.6391,-120.4579,87.01,63,0,24.0,clear sky
478,Fort Frances,CA,48.5999,-93.4003,59.16,63,20,13.8,few clouds
479,Malacacheta,BR,-17.8422,-42.0767,60.98,37,100,5.88,overcast clouds
480,Sarangani,PH,5.4033,125.4636,83.91,74,57,13.13,broken clouds
481,Plettenberg Bay,ZA,-34.0527,23.3716,63.77,75,100,5.86,overcast clouds
482,Somerset West,ZA,-34.084,18.8211,57.29,94,100,9.73,overcast clouds
483,Richards Bay,ZA,-28.783,32.0377,68.61,78,21,13.13,few clouds
484,Lazaro Cardenas,MX,17.9583,-102.2,85.28,45,41,14.14,scattered clouds
485,Tenenkou,ML,14.4572,-4.9169,92.55,8,0,6.02,clear sky
486,Poronaysk,RU,49.2167,143.1167,50.2,74,30,3.94,scattered clouds
487,Kinkala,CG,-4.3614,14.7644,71.29,94,24,1.43,few clouds
488,Evensk,RU,61.95,159.2333,36.57,96,100,1.52,overcast clouds
489,Bilibino,RU,68.0546,166.4372,35.78,100,100,1.81,overcast clouds
490,Lebanon,US,36.2081,-86.2911,85.95,61,87,10.58,overcast clouds
491,Uvalde,US,29.3669,-99.767,102.31,12,0,12.66,clear sky
492,San Lawrenz,MT,36.0553,14.204,69.85,75,0,8.25,clear sky
493,San Ramon,US,37.7799,-121.978,95.49,30,0,12.66,clear sky
494,Kijang,KR,35.2442,129.2139,69.17,38,100,8.32,overcast clouds
495,Arcata,US,40.8665,-124.0828,68.18,60,0,17.27,clear sky
496,De-Kastri,RU,51.4667,140.7833,42.12,95,79,6.29,broken clouds
497,Cidreira,BR,-30.1811,-50.2056,59.95,76,92,21.16,overcast clouds
498,Crixas,BR,-14.5489,-49.9692,60.4,28,38,5.82,scattered clouds
499,Wanning,CN,18.8003,110.3967,75.54,91,95,7.07,overcast clouds
500,Assiniboia,CA,49.6334,-105.9845,61.02,30,41,5.93,scattered clouds
501,Sola,VU,-13.8833,167.55,81.75,71,25,4.68,scattered clouds
502,Gympie,AU,-26.1898,152.665,69.19,94,100,4.21,overcast clouds
503,Grand Baie,MU,-20.0182,57.5802,75.67,75,42,1.99,scattered clouds
504,Nanortalik,GL,60.1432,-45.2371,37.11,84,19,6.31,few clouds
505,Banda Aceh,ID,5.5577,95.3222,79.63,77,97,9.24,overcast clouds
506,Saint Anthony,US,45.0205,-93.218,73.29,49,0,18.41,clear sky
507,Taki,IN,22.5861,88.9214,84.15,80,59,8.21,broken clouds
508,Kikwit,CD,-5.041,18.8162,73.98,76,79,0.96,broken clouds
509,Colonia,DE,50.9333,6.95,71.96,58,0,4.61,clear sky
510,Mehamn,NO,71.0357,27.8492,33.71,73,100,15.17,overcast clouds
511,Manokwari,ID,-0.8667,134.0833,81.43,73,88,1.74,overcast clouds
512,Christchurch,NZ,-43.5333,172.6333,58.41,76,20,13.8,few clouds
513,Tommot,RU,58.9564,126.2925,41.52,85,100,3.29,overcast clouds
514,Cascais,PT,38.6979,-9.4215,63.93,60,10,18.01,clear sky
515,Maragogi,BR,-9.0122,-35.2225,78.87,83,48,10.49,scattered clouds
516,Garca,BR,-22.2106,-49.6561,48.85,71,93,9.89,overcast clouds
517,Sayyan,YE,15.1718,44.3244,60.26,22,11,4.36,few clouds
518,Gwanda,ZW,-20.9333,29.0,55.13,85,5,3.74,clear sky
519,Hayden,US,47.766,-116.7866,59.56,72,20,26.46,few clouds
520,Las Matas De Farfan,DO,18.8731,-71.5166,79.59,71,100,5.23,overcast clouds
521,Lasa,IT,46.6166,10.7002,56.03,97,48,2.68,scattered clouds
522,Breves,BR,-1.6822,-50.4803,75.38,96,100,3.58,moderate rain
523,Gualeguaychu,AR,-33.0094,-58.5172,47.8,76,1,6.73,clear sky
524,Sinnamary,GF,5.3833,-52.95,78.3,85,88,8.34,overcast clouds
525,Kharp,RU,66.8014,65.8081,33.62,70,68,5.68,broken clouds
526,Ordynskoye,RU,54.3656,81.8994,58.91,84,100,0.65,light rain
527,Pavlohrad,UA,48.5167,35.8667,47.35,94,99,8.97,light rain
528,Marsa Matruh,EG,31.3525,27.2453,72.07,46,11,9.91,few clouds
529,San Vicente,AR,-26.6167,-54.1333,46.67,88,100,3.56,overcast clouds
530,Nizhnyaya Salda,RU,58.0776,60.7202,46.18,92,97,5.64,overcast clouds
531,Ahero,KE,-0.1746,34.9163,66.06,92,100,4.85,light rain
532,Rujiena,LV,57.8975,25.3316,41.05,75,94,7.61,overcast clouds
533,Diffa,NE,13.3154,12.6113,86.58,42,100,7.81,overcast clouds
534,Katsuura,JP,35.1333,140.3,66.88,66,0,1.03,clear sky
535,Faro,PT,37.0194,-7.9322,76.78,50,0,4.61,clear sky
536,Kadnikov,RU,59.5022,40.338,31.84,97,66,4.63,broken clouds
537,Jumla,NP,29.2747,82.1838,50.29,74,7,5.88,clear sky
538,Bowen,AU,-20.0167,148.2333,74.34,80,8,10.78,clear sky
539,Petrivka,UA,46.9695,30.9591,49.03,80,99,18.1,light rain
540,Kigoma,TZ,-4.8769,29.6267,73.53,74,100,1.95,overcast clouds
541,Livingston,GB,55.9029,-3.5226,55.13,88,100,12.66,overcast clouds
542,Nevsehir,TR,38.9167,34.6667,54.61,62,0,12.66,clear sky
543,Clyde River,CA,70.4692,-68.5914,25.2,91,16,4.36,few clouds
544,Litovko,RU,49.2361,135.1742,54.68,60,100,8.86,overcast clouds
545,Huilong,CN,31.8111,121.655,65.93,69,100,8.32,overcast clouds
546,Catuday,PH,16.2923,119.8062,78.8,80,100,11.1,overcast clouds
547,Colac,AU,-38.3333,143.5833,51.84,81,65,4.14,broken clouds
548,Genhe,CN,50.7833,121.5167,54.64,51,40,1.3,scattered clouds
549,Chanasma,IN,23.7167,72.1167,83.23,53,0,6.44,clear sky
550,Drochia,MD,48.035,27.8161,43.79,79,11,8.97,few clouds
551,Rio Gallegos,AR,-51.6226,-69.2181,45.97,48,67,3.38,broken clouds
552,Bilma,NE,18.6853,12.9164,90.97,17,69,9.24,broken clouds
553,Hay River,CA,60.8156,-115.7999,36.75,93,100,8.12,light rain
554,Carutapera,BR,-1.195,-46.02,76.73,93,91,5.35,overcast clouds
555,Les Herbiers,FR,46.8667,-1.0167,62.31,95,100,5.48,overcast clouds
556,Roswell,US,34.0232,-84.3616,86.56,41,0,9.22,clear sky
557,Maryville,US,35.7565,-83.9705,83.16,42,100,13.8,overcast clouds
558,Bandarbeyla,SO,9.4942,50.8122,81.97,72,39,21.0,scattered clouds
559,North Bend,US,43.4065,-124.2243,59.92,95,100,14.97,mist
560,Badou,TG,7.5833,0.6,74.66,89,100,4.92,overcast clouds
561,Nantucket,US,41.2835,-70.0995,62.74,62,0,13.8,clear sky
562,Simbahan,PH,6.3032,120.5836,82.69,75,26,6.53,scattered clouds
563,Loa Janan,ID,-0.583,117.095,74.89,99,94,0.69,overcast clouds
564,Rosarito,MX,32.3333,-117.0333,72.63,67,5,7.92,clear sky
565,Alta Floresta,BR,-9.8756,-56.0861,65.37,57,85,3.89,overcast clouds
566,Bialystok,PL,53.1333,23.15,42.96,71,20,3.38,few clouds
567,Arlit,NE,18.7369,7.3853,87.15,11,0,10.0,clear sky
568,Bada,RU,51.392,109.8717,58.84,45,46,3.22,scattered clouds
569,Cochrane,CA,51.1834,-114.4687,56.62,48,40,43.73,scattered clouds
570,Maceio,BR,-9.6658,-35.7353,79.41,84,84,12.77,broken clouds
571,Mahina,PF,-17.5065,-149.489,85.77,62,40,12.66,light rain
572,Kamyaran,IR,34.7956,46.9355,52.3,45,0,1.59,clear sky
573,Namie,JP,37.4833,141.0,68.99,71,0,2.57,clear sky
574,Yaan,NG,7.3833,8.5667,77.92,80,96,9.15,overcast clouds
575,Entre Rios,BR,-11.9419,-38.0844,74.8,90,62,2.8,light rain
576,Kirensk,RU,57.7853,108.1119,56.95,88,99,6.33,light rain
577,Ola,RU,59.5833,151.2833,41.14,82,100,16.33,overcast clouds
578,Trairi,BR,-3.2778,-39.2689,78.98,88,97,6.26,overcast clouds
579,Henties Bay,NA,-22.116,14.2845,62.31,85,11,3.31,few clouds
580,Santa Cruz,BO,-17.8,-63.1667,58.44,34,32,5.08,scattered clouds
581,Rio Branco,BR,-9.9747,-67.81,70.41,56,0,0.0,clear sky
582,Sapa,PH,5.1544,120.3241,82.99,76,37,6.98,scattered clouds
583,Draganesti-Vlasca,RO,44.1014,25.5981,45.36,84,31,8.23,scattered clouds
584,Saint-Pierre,RE,-21.3393,55.4781,68.92,68,0,5.75,clear sky
585,Komatsu,JP,36.4026,136.4509,70.83,49,3,6.67,clear sky
586,Diamantino,BR,-14.4086,-56.4461,56.32,41,31,4.0,scattered clouds
587,Shingu,JP,33.7333,135.9833,69.17,46,46,1.52,scattered clouds
588,Fethiye,TR,36.6217,29.1164,60.67,69,1,3.2,clear sky
589,Auki,SB,-8.7676,160.7034,84.24,70,2,1.95,clear sky
590,Milot,HT,19.6167,-72.2167,79.88,80,97,7.09,overcast clouds
591,Rosario,AR,-32.9468,-60.6393,52.99,65,0,2.3,clear sky
592,Salta,AR,-24.7859,-65.4117,51.58,77,100,4.0,overcast clouds
593,Tara,RU,56.8944,74.371,51.76,83,92,8.03,overcast clouds
594,Seoul,KR,37.5683,126.9778,62.04,51,58,6.06,broken clouds
595,Vao,NC,-22.6667,167.4833,75.34,82,21,18.1,few clouds
596,Dakar,SN,14.6937,-17.4441,77.88,78,69,8.95,broken clouds
597,Sydney,AU,-33.8679,151.2073,56.35,62,20,9.22,few clouds
598,Ereymentau,KZ,51.6199,73.1033,52.74,91,11,9.48,few clouds
599,Orsha,BY,54.5153,30.4053,40.87,85,29,8.43,scattered clouds
600,Svetlogorsk,BY,52.6333,29.7333,42.15,85,24,7.78,few clouds
601,Pskov,RU,57.8136,28.3496,44.31,62,98,9.89,overcast clouds
602,Sobolevo,RU,54.4299,31.8996,40.64,89,12,6.44,few clouds
603,Hervey Bay,AU,-25.2986,152.8535,72.01,96,85,4.0,overcast clouds
604,Arenys De Mar,ES,41.5819,2.5494,72.37,87,17,4.36,few clouds
605,Atlantic City,US,39.3643,-74.4229,70.02,55,0,9.22,clear sky
606,Veraval,IN,20.9,70.3667,81.36,76,0,13.06,clear sky
607,Schertz,US,29.5522,-98.2697,101.68,32,0,16.11,clear sky
608,Korocha,RU,50.8107,37.1953,48.92,92,8,10.98,clear sky
609,Sorong,ID,-0.8833,131.25,79.57,84,98,4.65,overcast clouds
610,Pilar,BR,-9.5972,-35.9567,75.13,90,90,6.73,overcast clouds
611,Vostok,RU,46.4856,135.8833,55.98,34,9,4.68,clear sky
612,Kayes,ML,14.0,-11.0,94.6,8,84,5.37,broken clouds
613,Magdagachi,RU,53.45,125.8,51.1,49,0,5.14,clear sky
614,Kokopo,PG,-4.352,152.2633,84.09,67,7,9.95,clear sky
615,Lohja,FI,60.2486,24.0653,49.17,77,100,3.53,overcast clouds
616,Teknaf,BD,20.8624,92.3058,80.89,86,85,1.88,overcast clouds
617,Vaxjo,SE,56.8777,14.8091,50.05,62,20,4.61,few clouds
618,Songjianghe,CN,42.1859,127.479,56.66,57,3,6.87,clear sky
619,Peniche,PT,39.3558,-9.3811,61.29,88,8,12.37,clear sky
620,Menongue,AO,-14.6585,17.691,54.09,61,5,3.27,clear sky
621,Pyaozerskiy,RU,65.8333,31.1667,32.63,80,26,9.04,scattered clouds
622,Corrente,BR,-3.7367,-43.3394,74.89,97,100,2.46,heavy intensity rain
623,Abu Zabad,SD,12.35,29.25,87.31,26,80,6.38,broken clouds
624,Paita,PE,-5.0892,-81.1144,68.49,80,95,15.64,overcast clouds
625,Wattegama,LK,6.7989,81.4808,76.35,84,12,11.34,few clouds
626,Kyra,RU,49.5776,111.9753,56.05,45,61,4.5,broken clouds
627,Pastavy,BY,55.1168,26.8326,40.01,72,30,7.18,scattered clouds
628,Kharod,IN,21.75,82.5667,89.67,43,97,1.72,overcast clouds
629,Simao,CN,22.7886,100.9748,62.78,99,56,2.33,broken clouds
630,Havelock,US,34.8791,-76.9013,76.96,65,16,1.99,few clouds
631,Verkhnyaya Inta,RU,65.9811,60.3094,30.45,82,83,7.7,broken clouds
632,Mecca,SA,21.4267,39.8261,87.82,25,0,3.47,clear sky
633,Coahuayana,MX,18.7333,-103.6833,88.18,32,54,7.67,broken clouds
634,West Plains,US,36.7281,-91.8524,88.83,64,0,5.01,clear sky
635,Los Angeles,US,34.0522,-118.2437,89.76,62,0,10.36,clear sky
636,Topi,PK,34.0704,72.6236,79.72,27,47,8.28,scattered clouds
637,Kroya,ID,-7.6331,109.2461,76.93,89,93,2.51,overcast clouds
638,Clearlake,US,38.9582,-122.6264,94.35,22,71,12.93,broken clouds
639,Deputatskiy,RU,69.3,139.9,27.18,94,97,3.04,overcast clouds
640,Casa Nova,BR,-9.4167,-41.1333,83.8,56,78,7.92,moderate rain
641,Sabla,NG,12.7525,4.7077,92.3,20,3,4.54,clear sky
642,Suntar,RU,62.1444,117.6319,44.6,83,100,10.22,light rain
643,Fairbanks,US,64.8378,-147.7164,61.09,35,75,5.75,broken clouds
644,Saint-Leu,RE,-21.15,55.2833,70.63,69,36,10.94,scattered clouds
645,Paungde,MM,18.4833,95.5,79.29,83,98,4.63,overcast clouds
646,Aberystwyth,GB,52.4155,-4.0829,54.9,90,99,11.32,overcast clouds
647,Guatire,VE,10.4762,-66.5427,75.72,88,100,3.76,overcast clouds
648,Corozal,CO,9.3151,-75.2928,77.52,91,100,6.51,overcast clouds
649,Linhai,CN,28.85,121.1167,64.92,45,100,1.01,overcast clouds
650,Alofi,NU,-19.0595,-169.9187,80.49,74,75,14.97,broken clouds
651,Talnakh,RU,69.4865,88.3972,33.21,97,100,5.03,light snow
652,Ikom,NG,5.9667,8.7063,75.04,97,100,1.81,light rain
653,Ndjole,GA,-0.1783,10.7649,75.69,98,100,1.88,light rain
654,Felipe Carrillo Puerto,MX,19.5833,-88.05,87.84,45,88,7.7,overcast clouds
655,Palmer,US,42.1584,-72.3287,67.55,29,100,13.8,overcast clouds
656,Marawi,PH,7.9986,124.2928,72.86,88,59,1.07,broken clouds
657,Salinas,US,36.6777,-121.6555,93.56,45,5,7.99,clear sky
658,Duluth,US,46.7833,-92.1066,62.65,91,75,14.97,broken clouds
659,Kralendijk,BQ,12.15,-68.2667,82.38,78,20,18.41,few clouds
660,Shilong,CN,23.1123,113.8425,74.1,68,100,1.23,overcast clouds
661,Iquitos,PE,-3.7481,-73.2472,69.84,94,100,0.0,overcast clouds
662,Aginskoye,RU,51.1,114.53,60.01,34,38,6.11,scattered clouds
663,Fenoarivo,MG,-18.933,47.4354,59.07,82,75,9.22,broken clouds
664,Eureka,US,40.8021,-124.1637,79.75,61,96,10.71,overcast clouds
665,Mweka,CD,-4.85,21.5667,68.97,83,91,1.39,overcast clouds
666,Wilmington,US,34.2257,-77.9447,82.31,40,0,12.66,clear sky
667,Elat,IL,29.5581,34.9482,74.97,40,13,7.47,few clouds
668,Bardiyah,LY,31.7561,25.0865,72.23,51,30,3.27,scattered clouds
669,Atherton,GB,53.5237,-2.4935,56.28,82,100,5.01,overcast clouds
670,Blagoyevo,RU,63.3667,47.9167,29.82,86,77,2.55,broken clouds
671,Mingaora,PK,34.7758,72.3625,73.18,34,92,7.45,overcast clouds
672,Kalmunai,LK,7.4167,81.8167,78.85,79,11,14.63,few clouds
673,Orange Cove,US,36.6244,-119.3137,94.24,19,0,6.38,clear sky
674,Surt,LY,31.2089,16.5887,68.86,58,0,5.57,clear sky
675,Fare,PF,-16.7,-151.0167,80.89,73,99,11.48,overcast clouds
676,Kaniama,CD,-7.5667,24.1833,69.06,68,64,4.05,broken clouds
677,Abilene,US,32.4487,-99.7331,107.82,8,0,6.91,smoke
678,Kamenka,RU,51.3223,42.7678,44.67,90,5,4.97,clear sky
679,Suksun,RU,57.1431,57.3949,40.55,96,71,8.99,broken clouds
680,Lakatoro,VU,-16.0999,167.4164,80.65,78,93,8.86,overcast clouds
681,Awbari,LY,26.5921,12.7805,78.98,17,0,10.29,clear sky
682,Pontianak,ID,-0.0333,109.3333,76.98,94,20,3.44,few clouds
683,Jelgava,LV,56.65,23.7128,42.84,74,77,6.38,broken clouds
684,Paoua,CF,7.2427,16.4406,71.24,90,99,4.21,overcast clouds
685,Thinadhoo,MV,0.5333,72.9333,83.32,75,100,14.38,overcast clouds
